<?xml version="1.0"?>
<!DOCTYPE gutbook SYSTEM "gutbook1.dtd">
<?xml-stylesheet type="text/css" href="darwin.css"?><gutbook xmlns:gs3="http://www.greenstone.org/gs3"> <gutblurb> <para> The Project Gutenberg Etext of An Occurrence at Owl Creek Bridge </para>  <para> [This was the #1 rated Twilight Zone epidose of all time] #2 in our Ambrose Bierce series </para>  <para> Copyright laws are changing all over the world, be sure to check the copyright laws for your country before posting these files!! </para>  <para> Please take a look at the important information in this header. We encourage you to keep this file on your own disk, keeping an electronic path open for the next readers.  Do not remove this. </para>  <para> **Welcome To The World of Free Plain Vanilla Electronic Texts** </para>  <para> **Etexts Readable By Both Humans and By Computers, Since 1971** </para>  <para> *These Etexts Prepared By Hundreds of Volunteers and Donations* </para>  <para> Information on contacting Project Gutenberg to get Etexts, and further information is included below.  We need your donations. </para>  <para> An Occurrence At Owl Creek Bridge </para>  <para> by Ambrose Bierce </para>  <para> December, 1995  [Etext #375] </para>  <para> The Project Gutenberg Etext of An Occurrence at Owl Creek Bridge *****This file should be named owlcr10.txt or owlcr10.zip****** </para>  <para> Corrected EDITIONS of our etexts get a new NUMBER, owlcr11.txt. VERSIONS based on separate sources get new LETTER, owlcr10a.txt. </para>  <para> We are now trying to release all our books one month in advance of the official release dates, for time for better editing. </para>  <para> Please note:  neither this list nor its contents are final till midnight of the last day of the month of any such announcement. The official release date of all Project Gutenberg Etexts is at Midnight, Central Time, of the last day of the stated month.  A preliminary version may often be posted for suggestion, comment and editing by those who wish to do so.  To be sure you have an up to date first edition [xxxxx10x.xxx] please check file sizes in the first week of the next month.  Since our ftp program has a bug in it that scrambles the date [tried to fix and failed] a look at the file size will have to do, but we will try to see a new copy has at least one byte more or less. </para>  <para> Information about Project Gutenberg (one page) </para>  <para> We produce about two million dollars for each hour we work.  The fifty hours is one conservative estimate for how long it we take to get any etext selected, entered, proofread, edited, copyright searched and analyzed, the copyright letters written, etc.  This projected audience is one hundred million readers.  If our value per text is nominally estimated at one dollar then we produce $4 million dollars per hour this year as we release some eight text files per month:  thus upping our productivity from $2 million. </para>  <para> The Goal of Project Gutenberg is to Give Away One Trillion Etext Files by the December 31, 2001.  [10,000 x 100,000,000=Trillion] This is ten thousand titles each to one hundred million readers, which is 10% of the expected number of computer users by the end of the year 2001. </para>  <para> We need your donations more than ever! </para>  <para> All donations should be made to &quot;Project Gutenberg/IBC&quot;, and are tax deductible to the extent allowable by law (&quot;IBC&quot; is Illinois Benedictine College).  (Subscriptions to our paper newsletter go to IBC, too) </para>  <para> For these and other matters, please mail to: </para>  <para> Project Gutenberg P. O. Box  2782 Champaign, IL 61825 </para>  <para> When all other email fails try our Michael S. Hart, Executive Director: hart@vmd.cso.uiuc.edu (internet)   hart@uiucvmd   (bitnet) </para>  <para> We would prefer to send you this information by email (Internet, Bitnet, Compuserve, ATTMAIL or MCImail). </para>  <para> ****** If you have an FTP program (or emulator), please FTP directly to the Project Gutenberg archives: [Mac users, do NOT point and click. . .type] </para>  <para> ftp uiarchive.cso.uiuc.edu login:  anonymous password:  your@login cd etext/etext90 through /etext96 or cd etext/articles [get suggest gut for more information] dir [to see files] get or mget [to get files. . .set bin for zip files] GET INDEX?00.GUT for a list of books and GET NEW GUT for general information and MGET GUT* for newsletters. </para>  <para> **Information prepared by the Project Gutenberg legal advisor** (Three Pages) </para>  <para> ***START**THE SMALL PRINT!**FOR PUBLIC DOMAIN ETEXTS**START*** Why is this &quot;Small Print!&quot; statement here?  You know: lawyers. They tell us you might sue us if there is something wrong with your copy of this etext, even if you got it for free from someone other than us, and even if what&apos;s wrong is not our fault.  So, among other things, this &quot;Small Print!&quot; statement disclaims most of our liability to you.  It also tells you how you can distribute copies of this etext if you want to. </para>  <para> *BEFORE!* YOU USE OR READ THIS ETEXT By using or reading any part of this PROJECT GUTENBERG-tm etext, you indicate that you understand, agree to and accept this &quot;Small Print!&quot; statement.  If you do not, you can receive a refund of the money (if any) you paid for this etext by sending a request within 30 days of receiving it to the person you got it from.  If you received this etext on a physical medium (such as a disk), you must return it with your request. </para>  <para> ABOUT PROJECT GUTENBERG-TM ETEXTS This PROJECT GUTENBERG-tm etext, like most PROJECT GUTENBERG- tm etexts, is a &quot;public domain&quot; work distributed by Professor Michael S. Hart through the Project Gutenberg Association at Illinois Benedictine College (the &quot;Project&quot;).  Among other things, this means that no one owns a United States copyright on or for this work, so the Project (and you!) can copy and distribute it in the United States without permission and without paying copyright royalties.  Special rules, set forth below, apply if you wish to copy and distribute this etext under the Project&apos;s &quot;PROJECT GUTENBERG&quot; trademark. </para>  <para> To create these etexts, the Project expends considerable efforts to identify, transcribe and proofread public domain works.  Despite these efforts, the Project&apos;s etexts and any medium they may be on may contain &quot;Defects&quot;.  Among other things, Defects may take the form of incomplete, inaccurate or corrupt data, transcription errors, a copyright or other intellectual property infringement, a defective or damaged disk or other etext medium, a computer virus, or computer codes that damage or cannot be read by your equipment. </para>  <para> LIMITED WARRANTY; DISCLAIMER OF DAMAGES But for the &quot;Right of Replacement or Refund&quot; described below, [1] the Project (and any other party you may receive this etext from as a PROJECT GUTENBERG-tm etext) disclaims all liability to you for damages, costs and expenses, including legal fees, and [2] YOU HAVE NO REMEDIES FOR NEGLIGENCE OR UNDER STRICT LIABILITY, OR FOR BREACH OF WARRANTY OR CONTRACT, INCLUDING BUT NOT LIMITED TO INDIRECT, CONSEQUENTIAL, PUNITIVE OR INCIDENTAL DAMAGES, EVEN IF YOU GIVE NOTICE OF THE POSSIBILITY OF SUCH DAMAGES. </para>  <para> If you discover a Defect in this etext within 90 days of receiving it, you can receive a refund of the money (if any) you paid for it by sending an explanatory note within that time to the person you received it from.  If you received it on a physical medium, you must return it with your note, and such person may choose to alternatively give you a replacement copy.  If you received it electronically, such person may choose to alternatively give you a second opportunity to receive it electronically. </para>  <para> THIS ETEXT IS OTHERWISE PROVIDED TO YOU &quot;AS-IS&quot;.  NO OTHER WARRANTIES OF ANY KIND, EXPRESS OR IMPLIED, ARE MADE TO YOU AS TO THE ETEXT OR ANY MEDIUM IT MAY BE ON, INCLUDING BUT NOT LIMITED TO WARRANTIES OF MERCHANTABILITY OR FITNESS FOR A PARTICULAR PURPOSE. </para>  <para> Some states do not allow disclaimers of implied warranties or the exclusion or limitation of consequential damages, so the above disclaimers and exclusions may not apply to you, and you may have other legal rights. </para>  <para> INDEMNITY You will indemnify and hold the Project, its directors, officers, members and agents harmless from all liability, cost and expense, including legal fees, that arise directly or indirectly from any of the following that you do or cause: [1] distribution of this etext, [2] alteration, modification, or addition to the etext, or [3] any Defect. </para>  <para> DISTRIBUTION UNDER &quot;PROJECT GUTENBERG-tm&quot; You may distribute copies of this etext electronically, or by disk, book or any other medium if you either delete this &quot;Small Print!&quot; and all other references to Project Gutenberg, or: </para>  <para> [1]  Only give exact copies of it.  Among other things, this      requires that you do not remove, alter or modify the      etext or this &quot;small print!&quot; statement.  You may however,      if you wish, distribute this etext in machine readable      binary, compressed, mark-up, or proprietary form,      including any form resulting from conversion by word pro-      cessing or hypertext software, but only so long as      *EITHER*: </para>  <para>      [*]  The etext, when displayed, is clearly readable, and           does *not* contain characters other than those           intended by the author of the work, although tilde           (~), asterisk (*) and underline (_) characters may           be used to convey punctuation intended by the           author, and additional characters may be used to           indicate hypertext links; OR </para>  <para>      [*]  The etext may be readily converted by the reader at           no expense into plain ASCII, EBCDIC or equivalent           form by the program that displays the etext (as is           the case, for instance, with most word processors);           OR </para>  <para>      [*]  You provide, or agree to also provide on request at           no additional cost, fee or expense, a copy of the           etext in its original plain ASCII form (or in EBCDIC           or other equivalent proprietary form). </para>  <para> [2]  Honor the etext refund and replacement provisions of this      &quot;Small Print!&quot; statement. </para>  <para> [3]  Pay a trademark license fee to the Project of 20% of the      net profits you derive calculated using the method you      already use to calculate your applicable taxes.  If you      don&apos;t derive profits, no royalty is due.  Royalties are      payable to &quot;Project Gutenberg Association / Illinois      Benedictine College&quot; within the 60 days following each      date you prepare (or were legally required to prepare)      your annual (or equivalent periodic) tax return. </para>  <para> WHAT IF YOU *WANT* TO SEND MONEY EVEN IF YOU DON&apos;T HAVE TO? The Project gratefully accepts contributions in money, time, scanning machines, OCR software, public domain etexts, royalty free copyright licenses, and every other sort of contribution you can think of.  Money should be paid to &quot;Project Gutenberg Association / Illinois Benedictine College&quot;. </para>  <para> *END*THE SMALL PRINT! FOR PUBLIC DOMAIN ETEXTS*Ver.04.29.93*END* </para> </gutblurb>  <markupblurb> Marked up by John Hanna Feb 2000 Validated against gutbook1.dtd using MSXML Feb 2000 Checked FB Feb 2000 </markupblurb>  <book> <acknowledge>A project of the HTML Writrs Guild and Project Gutenberg. Markup by an anonymous Project Gutenberg Volunteer, Markup by John Hanna Feb 2000</acknowledge> <frontmatter gs3:id="0"> <titlepage> <title>AN OCCURRENCE AT OWL CREEK BRIDGE</title> <para>by</para> <author>Ambrose Bierce</author> <para> THE MILLENNIUM FULCRUM EDITION, 1988 </para> </titlepage> </frontmatter> <bookbody> <part gs3:id="1">  <chapter gs3:id="2"> <title>I</title> <para> A man stood upon a railroad bridge in northern Alabama, looking down into the swift water twenty feet below.  The man&apos;s hands were behind his back, the wrists bound with a cord.  A rope closely encircled his neck.  It was attached to a stout cross-timber above his head and the slack feel to the level of his knees.  Some loose boards laid upon the ties supporting the rails of the railway supplied a footing for him and his executioners -- two private soldiers of the Federal army, directed by a sergeant who in civil life may have been a deputy sheriff.  At a short remove upon the same temporary platform was an officer in the uniform of his rank, armed.  He was a captain.  A sentinel at each end of the bridge stood with his rifle in the position known as &quot;support,&quot; that is to say, vertical in front of the left shoulder, the hammer resting on the forearm thrown straight across the chest -- a formal and unnatural position, enforcing an erect carriage of the body.  It did not appear to be the duty of these two men to know what was occurring at the center of the bridge; they merely blockaded the two ends of the foot planking that traversed it. </para>  <para> Beyond one of the sentinels nobody was in sight; the railroad ran straight away into a forest for a hundred yards, then, curving, was lost to view.  Doubtless there was an outpost farther along.  The other bank of the stream was open ground -- a gentle slope topped with a stockade of vertical tree trunks, loopholed for rifles, with a single embrasure through which protruded the muzzle of a brass cannon commanding the bridge.  Midway up the slope between the bridge and fort were the spectators -- a single company of infantry in line, at &quot;parade rest,&quot; the butts of their rifles on the ground, the barrels inclining slightly backward against the right shoulder, the hands crossed upon the stock. A lieutenant stood at the right of the line, the point of his sword upon the ground, his left hand resting upon his right.  Excepting the group of four at the center of the bridge, not a man moved.  The company faced the bridge, staring stonily, motionless.  The sentinels, facing the banks of the stream, might have been statues to adorn the bridge.  The captain stood with folded arms, silent, observing the work of his subordinates, but making no sign. Death is a dignitary who when he comes announced is to be received with formal manifestations of respect, even by those most familiar with him.  In the code of military etiquette silence and fixity are forms of deference. </para>  <para> The man who was engaged in being hanged was apparently about thirty-five years of age.  He was a civilian, if one might judge from his habit, which was that of a planter.  His features were good -- a straight nose, firm mouth, broad forehead, from which his long, dark hair was combed straight back, falling behind his ears to the collar of his well fitting frock coat.  He wore a moustache and pointed beard, but no whiskers; his eyes were large and dark gray, and had a kindly expression which one would hardly have expected in one whose neck was in the hemp.  Evidently this was no vulgar assassin.  The liberal military code makes provision for hanging many kinds of persons, and gentlemen are not excluded. </para>  <para> The preparations being complete, the two private soldiers stepped aside and each drew away the plank upon which he had been standing.  The sergeant turned to the captain, saluted and placed himself immediately behind that officer, who in turn moved apart one pace.  These movements left the condemned man and the sergeant standing on the two ends of the same plank, which spanned three of the cross-ties of the bridge.  The end upon which the civilian stood almost, but not quite, reached a fourth.  This plank had been held in place by the weight of the captain; it was now held by that of the sergeant.  At a signal from the former the latter would step aside, the plank would tilt and the condemned man go down between two ties.  The arrangement commended itself to his judgement as simple and effective.  His face had not been covered nor his eyes bandaged.  He looked a moment at his &quot;unsteadfast footing,&quot; then let his gaze wander to the swirling water of the stream racing madly beneath his feet. A piece of dancing driftwood caught his attention and his eyes followed it down the current.  How slowly it appeared to move!  What a sluggish stream! </para>  <para> He closed his eyes in order to fix his last thoughts upon his wife and children.  The water, touched to gold by the early sun, the brooding mists under the banks at some distance down the stream, the fort, the soldiers, the piece of drift -- all had distracted him.  And now he became conscious of a new disturbance.  Striking through the thought of his dear ones was sound which he could neither ignore nor understand, a sharp, distinct, metallic percussion like the stroke of a blacksmith&apos;s hammer upon the anvil; it had the same ringing quality.  He wondered what it was, and whether immeasurably distant or near by -- it seemed both.  Its recurrence was regular, but as slow as the tolling of a death knell.  He awaited each new stroke with impatience and -- he knew not why -- apprehension.  The intervals of silence grew progressively longer; the delays became maddening.  With their greater infrequency the sounds increased in strength and sharpness.  They hurt his ear like the trust of a knife; he feared he would shriek.  What he heard was the ticking of his watch. </para>  <para> He unclosed his eyes and saw again the water below him.  &quot;If I could free my hands,&quot; he thought, &quot;I might throw off the noose and spring into the stream.  By diving I could evade the bullets and, swimming vigorously, reach the bank, take to the woods and get away home.  My home, thank God, is as yet outside their lines; my wife and little ones are still beyond the invader&apos;s farthest advance.&quot; </para>  <para> As these thoughts, which have here to be set down in words, were flashed into the doomed man&apos;s brain rather than evolved from it the captain nodded to the sergeant.  The sergeant stepped aside. </para> </chapter>  <chapter gs3:id="3"> <title>II</title> <para> Peyton Fahrquhar was a well to do planter, of an old and highly respected Alabama family.  Being a slave owner and like other slave owners a politician, he was naturally an original secessionist and ardently devoted to the Southern cause.  Circumstances of an imperious nature, which it is unnecessary to relate here, had prevented him from taking service with that gallant army which had fought the disastrous campaigns ending with the fall of Corinth, and he chafed under the inglorious restraint, longing for the release of his energies, the larger life of the soldier, the opportunity for distinction.  That opportunity, he felt, would come, as it comes to all in wartime.  Meanwhile he did what he could.  No service was too humble for him to perform in the aid of the South, no adventure to perilous for him to undertake if consistent with the character of a civilian who was at heart a soldier, and who in good faith and without too much qualification assented to at least a part of the frankly villainous dictum that all is fair in love and war. </para>  <para> One evening while Fahrquhar and his wife were sitting on a rustic bench near the entrance to his grounds, a gray-clad soldier rode up to the gate and asked for a drink of water. Mrs. Fahrquhar was only too happy to serve him with her own white hands.  While she was fetching the water her husband approached the dusty horseman and inquired eagerly for news from the front. </para>  <para> &quot;The Yanks are repairing the railroads,&quot; said the man, &quot;and are getting ready for another advance.  They have reached the Owl Creek bridge, put it in order and built a stockade on the north bank.  The commandant has issued an order, which is posted everywhere, declaring that any civilian caught interfering with the railroad, its bridges, tunnels, or trains will be summarily hanged.  I saw the order.&quot; </para>  <para> &quot;How far is it to the Owl Creek bridge?&quot; Fahrquhar asked. </para>  <para> &quot;About thirty miles.&quot; </para>  <para> &quot;Is there no force on this side of the creek?&quot; </para>  <para> &quot;Only a picket post half a mile out, on the railroad, and a single sentinel at this end of the bridge.&quot; </para>  <para> &quot;Suppose a man -- a civilian and student of hanging -- should elude the picket post and perhaps get the better of the sentinel,&quot; said Fahrquhar, smiling, &quot;what could he accomplish?&quot; </para>  <para> The soldier reflected.  &quot;I was there a month ago,&quot; he replied.  &quot;I observed that the flood of last winter had lodged a great quantity of driftwood against the wooden pier at this end of the bridge.  It is now dry and would burn like tinder.&quot; </para>  <para> The lady had now brought the water, which the soldier drank. He thanked her ceremoniously, bowed to her husband and rode away.  An hour later, after nightfall, he repassed the plantation, going northward in the direction from which he had come.  He was a Federal scout. </para> </chapter>  <chapter gs3:id="4"> <title>III</title> <para>  As Peyton Fahrquhar fell straight downward through the bridge he lost consciousness and was as one already dead. From this state he was awakened -- ages later, it seemed to him -- by the pain of a sharp pressure upon his throat, followed by a sense of suffocation.  Keen, poignant agonies seemed to shoot from his neck downward through every fiber of his body and limbs.  These pains appeared to flash along well defined lines of ramification and to beat with an inconceivably rapid periodicity.  They seemed like streams of pulsating fire heating him to an intolerable temperature.  As to his head, he was conscious of nothing but a feeling of fullness -- of congestion.  These sensations were unaccompanied by thought.  The intellectual part of his nature was already effaced; he had power only to feel, and feeling was torment.  He was conscious of motion. Encompassed in a luminous cloud, of which he was now merely the fiery heart, without material substance, he swung through unthinkable arcs of oscillation, like a vast pendulum.  Then all at once, with terrible suddenness, the light about him shot upward with the noise of a loud splash; a frightful roaring was in his ears, and all was cold and dark.  The power of thought was restored; he knew that the rope had broken and he had fallen into the stream.  There was no additional strangulation; the noose about his neck was already suffocating him and kept the water from his lungs.  To die of hanging at the bottom of a river! -- the idea seemed to him ludicrous.  He opened his eyes in the darkness and saw above him a gleam of light, but how distant, how inaccessible!  He was still sinking, for the light became fainter and fainter until it was a mere glimmer.  Then it began to grow and brighten, and he knew that he was rising toward the surface -- knew it with reluctance, for he was now very comfortable.  &quot;To be hanged and drowned,&quot; he thought, &quot;that is not so bad; but I do not wish to be shot.  No; I will not be shot; that is not fair.&quot; </para>  <para> He was not conscious of an effort, but a sharp pain in his wrist apprised him that he was trying to free his hands.  He gave the struggle his attention, as an idler might observe the feat of a juggler, without interest in the outcome.  What splendid effort! -- what magnificent, what superhuman strength!  Ah, that was a fine endeavor!  Bravo!  The cord fell away; his arms parted and floated upward, the hands dimly seen on each side in the growing light.  He watched them with a new interest as first one and then the other pounced upon the noose at his neck.  They tore it away and thrust it fiercely aside, its undulations resembling those of a water snake.  &quot;Put it back, put it back!&quot;  He thought he shouted these words to his hands, for the undoing of the noose had been succeeded by the direst pang that he had yet experienced.  His neck ached horribly; his brain was on fire, his heart, which had been fluttering faintly, gave a great leap, trying to force itself out at his mouth.  His whole body was racked and wrenched with an insupportable anguish! But his disobedient hands gave no heed to the command.  They beat the water vigorously with quick, downward strokes, forcing him to the surface.  He felt his head emerge; his eyes were blinded by the sunlight; his chest expanded convulsively, and with a supreme and crowning agony his lungs engulfed a great draught of air, which instantly he expelled in a shriek! </para>  <para> He was now in full possession of his physical senses.  They were, indeed, preternaturally keen and alert.  Something in the awful disturbance of his organic system had so exalted and refined them that they made record of things never before perceived.  He felt the ripples upon his face and heard their separate sounds as they struck.  He looked at the forest on the bank of the stream, saw the individual trees, the leaves and the veining of each leaf -- he saw the very insects upon them:  the locusts, the brilliant bodied flies, the gray spiders stretching their webs from twig to twig.  He noted the prismatic colors in all the dewdrops upon a million blades of grass.  The humming of the gnats that danced above the eddies of the stream, the beating of the dragon flies&apos; wings, the strokes of the water spiders&apos; legs, like oars which had lifted their boat -- all these made audible music.  A fish slid along beneath his eyes and he heard the rush of its body parting the water. </para>  <para> He had come to the surface facing down the stream; in a moment the visible world seemed to wheel slowly round, himself the pivotal point, and he saw the bridge, the fort, the soldiers upon the bridge, the captain, the sergeant, the two privates, his executioners.  They were in silhouette against the blue sky.  They shouted and gesticulated, pointing at him.  The captain had drawn his pistol, but did not fire; the others were unarmed.  Their movements were grotesque and horrible, their forms gigantic. </para>  <para> Suddenly he heard a sharp report and something struck the water smartly within a few inches of his head, spattering his face with spray.  He heard a second report, and saw one of the sentinels with his rifle at his shoulder, a light cloud of blue smoke rising from the muzzle.  The man in the water saw the eye of the man on the bridge gazing into his own through the sights of the rifle.  He observed that it was a gray eye and remembered having read that gray eyes were keenest, and that all famous marksmen had them. Nevertheless, this one had missed. </para>  <para> A counter-swirl had caught Fahrquhar and turned him half round; he was again looking at the forest on the bank opposite the fort.  The sound of a clear, high voice in a monotonous singsong now rang out behind him and came across the water with a distinctness that pierced and subdued all other sounds, even the beating of the ripples in his ears. Although no soldier, he had frequented camps enough to know the dread significance of that deliberate, drawling, aspirated chant; the lieutenant on shore was taking a part in the morning&apos;s work.  How coldly and pitilessly -- with what an even, calm intonation, presaging, and enforcing tranquility in the men -- with what accurately measured interval fell those cruel words: </para>  <para> &quot;Company! . . . Attention!  . . . Shoulder arms! . . . Ready! . . . Aim!  . . . Fire!&quot; </para>  <para> Fahrquhar dived -- dived as deeply as he could.  The water roared in his ears like the voice of Niagara, yet he heard the dull thunder of the volley and, rising again toward the surface, met shining bits of metal, singularly flattened, oscillating slowly downward.  Some of them touched him on the face and hands, then fell away, continuing their descent. One lodged between his collar and neck; it was uncomfortably warm and he snatched it out. </para>  <para> As he rose to the surface, gasping for breath, he saw that he had been a long time under water; he was perceptibly farther downstream -- nearer to safety.  The soldiers had almost finished reloading; the metal ramrods flashed all at once in the sunshine as they were drawn from the barrels, turned in the air, and thrust into their sockets.  The two sentinels fired again, independently and ineffectually. </para>  <para> The hunted man saw all this over his shoulder; he was now swimming vigorously with the current.  His brain was as energetic as his arms and legs; he thought with the rapidity of lightning: </para>  <para> &quot;The officer,&quot; he reasoned, &quot;will not make that martinet&apos;s error a second time.  It is as easy to dodge a volley as a single shot.  He has probably already given the command to fire at will.  God help me, I cannot dodge them all!&quot; </para>  <para> An appalling splash within two yards of him was followed by a loud, rushing sound, DIMINUENDO, which seemed to travel back through the air to the fort and died in an explosion which stirred the very river to its deeps!  A rising sheet of water curved over him, fell down upon him, blinded him, strangled him!  The cannon had taken an hand in the game.  As he shook his head free from the commotion of the smitten water he heard the deflected shot humming through the air ahead, and in an instant it was cracking and smashing the branches in the forest beyond. </para>  <para> &quot;They will not do that again,&quot; he thought; &quot;the next time they will use a charge of grape.  I must keep my eye upon the gun; the smoke will apprise me -- the report arrives too late; it lags behind the missile.  That is a good gun.&quot; </para>  <para> Suddenly he felt himself whirled round and round -- spinning like a top.  The water, the banks, the forests, the now distant bridge, fort and men, all were commingled and blurred.  Objects were represented by their colors only; circular horizontal streaks of color -- that was all he saw. He had been caught in a vortex and was being whirled on with a velocity of advance and gyration that made him giddy and sick.  In few moments he was flung upon the gravel at the foot of the left bank of the stream -- the southern bank -- and behind a projecting point which concealed him from his enemies.  The sudden arrest of his motion, the abrasion of one of his hands on the gravel, restored him, and he wept with delight.  He dug his fingers into the sand, threw it over himself in handfuls and audibly blessed it.  It looked like diamonds, rubies, emeralds; he could think of nothing beautiful which it did not resemble.  The trees upon the bank were giant garden plants; he noted a definite order in their arrangement, inhaled the fragrance of their blooms.  A strange roseate light shone through the spaces among their trunks and the wind made in their branches the music of AEolian harps.  He had not wish to perfect his escape -- he was content to remain in that enchanting spot until retaken. </para>  <para> A whiz and a rattle of grapeshot among the branches high above his head roused him from his dream.  The baffled cannoneer had fired him a random farewell.  He sprang to his feet, rushed up the sloping bank, and plunged into the forest. </para>  <para> All that day he traveled, laying his course by the rounding sun.  The forest seemed interminable; nowhere did he discover a break in it, not even a woodman&apos;s road.  He had not known that he lived in so wild a region.  There was something uncanny in the revelation. </para>  <para> By nightfall he was fatigued, footsore, famished.  The thought of his wife and children urged him on.  At last he found a road which led him in what he knew to be the right direction.  It was as wide and straight as a city street, yet it seemed untraveled.  No fields bordered it, no dwelling anywhere.  Not so much as the barking of a dog suggested human habitation.  The black bodies of the trees formed a straight wall on both sides, terminating on the horizon in a point, like a diagram in a lesson in perspective.  Overhead, as he looked up through this rift in the wood, shone great golden stars looking unfamiliar and grouped in strange constellations.  He was sure they were arranged in some order which had a secret and malign significance.  The wood on either side was full of singular noises, among which -- once, twice, and again -- he distinctly heard whispers in an unknown tongue. </para>  <para> His neck was in pain and lifting his hand to it found it horribly swollen.  He knew that it had a circle of black where the rope had bruised it.  His eyes felt congested; he could no longer close them.  His tongue was swollen with thirst; he relieved its fever by thrusting it forward from between his teeth into the cold air.  How softly the turf had carpeted the untraveled avenue -- he could no longer feel the roadway beneath his feet! </para>  <para> Doubtless, despite his suffering, he had fallen asleep while walking, for now he sees another scene -- perhaps he has merely recovered from a delirium.  He stands at the gate of his own home.  All is as he left it, and all bright and beautiful in the morning sunshine.  He must have traveled the entire night.  As he pushes open the gate and passes up the wide white walk, he sees a flutter of female garments; his wife, looking fresh and cool and sweet, steps down from the veranda to meet him.  At the bottom of the steps she stands waiting, with a smile of ineffable joy, an attitude of matchless grace and dignity.  Ah, how beautiful she is!  He springs forwards with extended arms.  As he is about to clasp her he feels a stunning blow upon the back of the neck; a blinding white light blazes all about him with a sound like the shock of a cannon -- then all is darkness and silence! </para>  <para> Peyton Fahrquhar was dead; his body, with a broken neck, swung gently from side to side beneath the timbers of the Owl Creek bridge. </para>  <para> End of The Project Gutenberg Etext of An Occurrence at Owl Creek Bridge </para> </chapter> </part> </bookbody> </book> </gutbook>