<buildConfig xmlns:gsf="http://www.greenstone.org/greenstone3/schema/ConfigFormat">
<metadataList>
<metadata name="numDocs">11</metadata>
<metadata name="buildType">mgpp</metadata>
<metadata name="indexStem">gs2mgppdemo</metadata>
<metadata name="infodbType">gdbm</metadata>
</metadataList>
<serviceRackList>
<serviceRack name="GS2MGPPSearch">
<indexStem name="gs2mgppdemo" />
<indexList>
<index name="allfields" shortname="ZZ" />
<index name="text" shortname="TX" />
<index name="dls.Title,Title" shortname="DL" />
<index name="dls.Subject" shortname="DS" />
<index name="dls.Organization" shortname="DO" />
</indexList>
<defaultIndex shortname="ZZ" />
<indexOptionList>
<indexOption name="stemIndexes" value="7" />
<indexOption name="maxnumeric" value="4" />
</indexOptionList>
<levelList>
<level name="section" shortname="Sec" />
<level name="document" shortname="Doc" />
</levelList>
<defaultLevel shortname="Sec" />
<defaultDBLevel shortname="Sec" />
<searchTypeList>
<searchType name="plain" />
<searchType name="form" />
</searchTypeList>
</serviceRack>
<serviceRack name="GS2MGPPRetrieve">
<indexStem name="gs2mgppdemo" />
<defaultLevel shortname="Sec" />
</serviceRack>
<serviceRack name="GS2Browse">
<indexStem name="gs2mgppdemo" />
<classifierList>
<classifier name="CL1" content="dls.Title" />
<classifier name="CL2" content="dls.Subject" />
<classifier name="CL3" content="Organization" />
<classifier name="CL4" content="Howto" />
</classifierList>
</serviceRack>
</serviceRackList>
</buildConfig>
