<buildConfig xmlns:gsf="http://www.greenstone.org/greenstone3/schema/ConfigFormat">
<metadataList>
<metadata name="numDocs">11</metadata>
<metadata name="buildType">mgpp</metadata>
<metadata name="indexStem">gs2mgppdemo</metadata>
<metadata name="infodbType">gdbm</metadata>
<metadata name="earliestDatestamp">1469671505</metadata>
</metadataList>
<serviceRackList>
<serviceRack name="GS2MGPPSearch">
<indexStem name="gs2mgppdemo" />
<databaseType name="gdbm" />
<indexList>
<index name="allfields" shortname="ZZ" />
<index name="text" shortname="TX" />
<index name="dc.Title,Title" shortname="TI" />
<index name="dc.Subject" shortname="SU" />
<index name="dls.Organization" shortname="ORG" />
</indexList>
<defaultIndex shortname="ZZ" />
<indexOptionList>
<indexOption name="stemIndexes" value="7" />
<indexOption name="maxnumeric" value="4" />
</indexOptionList>
<levelList>
<level name="section" shortname="Sec" />
<level name="document" shortname="Doc" />
</levelList>
<defaultLevel shortname="Sec" />
<defaultDBLevel shortname="Sec" />
<searchTypeList>
<searchType name="plain" />
<searchType name="form" />
</searchTypeList>
</serviceRack>
<serviceRack name="GS2MGPPRetrieve">
<indexStem name="gs2mgppdemo" />
<defaultLevel shortname="Sec" />
<databaseType name="gdbm" />
</serviceRack>
<serviceRack name="GS2Browse">
<indexStem name="gs2mgppdemo" />
<databaseType name="gdbm" />
<classifierList>
<classifier name="CL1" content="dc.Title" />
<classifier name="CL2" content="dc.Subject" metadata="dc.Subject" hfile="" />
<classifier name="CL3" content="Organization" />
<classifier name="CL4" content="Howto" />
</classifierList>
</serviceRack>
</serviceRackList>
</buildConfig>
