<buildConfig xmlns:gsf="http://www.greenstone.org/greenstone3/schema/ConfigFormat">
<metadataList>
<metadata name="numDocs">11</metadata>
<metadata name="buildType">mg</metadata>
</metadataList>
<serviceRackList>
<serviceRack name="OAIPMH">
<indexStem name="gs2mgdemo" />
</serviceRack>
<serviceRack name="GS2MGSearch">
<indexStem name="gs2mgdemo" />
<indexList>
<index name="section:text" shortname="ste" />
<index name="document:text" shortname="dte" />
<index name="section:Title" shortname="sti" />
</indexList>
<defaultIndex shortname="ste" />
<indexOptionList>
<indexOption name="stemIndexes" value="3" />
<indexOption name="maxnumeric" value="4" />
</indexOptionList>
</serviceRack>
<serviceRack name="GS2MGRetrieve">
<defaultIndex shortname="ste" />
<indexStem name="gs2mgdemo" />
</serviceRack>
<serviceRack name="GS2Browse">
<indexStem name="gs2mgdemo" />
<classifierList>
<classifier name="CL1" content="dls.Title" />
<classifier name="CL2" content="dls.Subject" />
<classifier name="CL3" content="Organization" />
<classifier name="CL4" content="Howto" />
</classifierList>
</serviceRack>
</serviceRackList>
</buildConfig>
